,Date,Q1,Q2,Q3,Q4,Q5,Q6,Q7,Q8,Q9,Q10
Participants,Date,I think that I would like to use this system frequently,I found the system unneccessarily complex,I thought the system was easy to use,I think that I would need the support of a technical person to be able to use this system,I found the various functions in this system were well integrated,I thought there was too much inconsistency in this system,I would imagine that most people would learn this system very quickly,I found this system very cumbersome to use,I felt very confident using the system,I needed to learn a lot of things before I could get going with this system
1,2/14/2025 10:40:24,5,3,3,5,5,3,5,4,5,5
2,2/14/2025 11:15:07,5,1,4,2,4,3,5,2,5,3
3,2/21/2025 10:41:28,5,1,5,1,4,2,5,2,4,2
4,2/21/2025 10:52:24,5,1,5,2,5,4,5,2,4,2
5,2/21/2025 11:43:42,3,1,5,1,5,1,5,1,5,1
6,2/28/2025 11:29:21,3,1,5,2,3,3,5,2,5,3
7,2/28/2025 11:36:13,4,2,4,1,4,2,4,1,4,2
8,3/14/2025 11:21:33,5,1,5,3,3,2,4,1,4,1
9,3/14/2025 11:42:10,1,1,5,1,5,2,5,1,1,1
10,3/20/2025 11:26:05,2,3,3,3,3,3,3,3,4,2
11,3/20/2025 11:47:12,4,2,4,3,4,3,4,2,3,3
12,3/20/2025 12:13:17,5,1,5,3,5,4,5,1,5,1
13,3/20/2025 12:27:41,4,3,5,2,2,3,5,2,5,2
14,3/21/2025 9:22:04,5,5,5,5,5,1,5,5,5,5
15,3/21/2025 9:56:44,5,3,5,3,5,2,5,1,5,1
16,3/21/2025 10:06:19,4,5,5,2,4,3,2,2,3,1
17,3/21/2025 10:52:09,5,5,5,5,5,5,5,5,5,5
18,3/21/2025 11:09:27,4,1,5,3,3,4,5,1,1,3
19,3/21/2025 11:22:41,5,5,5,2,5,1,1,1,5,1
20,3/28/2025 9:28:37,1,5,5,1,5,3,5,2,1,1
21,3/28/2025 9:47:42,4,5,5,4,4,2,5,1,4,4
22,3/28/2025 10:13:41,2,3,2,5,4,3,3,1,2,5
23,3/28/2025 10:22:31,4,1,5,2,4,4,2,1,4,3
24,3/28/2025 10:45:51,4,3,3,3,3,3,1,3,3,5
25,3/28/2025 11:22:14,3,2,4,3,3,3,4,2,3,4
26,3/28/2025 11:36:22,5,1,5,1,5,2,5,1,5,1
27,4/4/2025 9:43:42,1,1,4,2,3,4,4,2,5,1
28,4/4/2025 9:48:33,1,3,2,5,4,5,2,2,1,2
29,4/4/2025 10:40:08,4,1,5,1,5,1,5,1,5,1
30,4/4/2025 10:54:30,3,3,5,5,5,3,4,3,5,1
31,4/4/2025 11:29:55,1,3,3,3,1,5,3,3,1,1
32,4/4/2025 11:58:46,4,2,4,3,4,2,4,3,4,2
33,4/11/2025 9:29:17,3,2,5,2,5,2,5,1,3,5
34,4/11/2025 9:58:41,5,3,5,2,4,2,4,2,4,2
35,4/11/2025 10:18:33,4,3,5,3,3,4,5,3,5,1
36,4/11/2025 10:56:52,4,1,4,4,4,2,5,1,4,2
37,4/11/2025 11:45:42,4,1,5,1,4,2,5,1,5,1
38,4/11/2025 11:57:44,3,3,4,3,4,3,4,3,3,4
39,4/18/2025 10:44:31,4,4,3,2,5,4,3,5,3,4
40,4/18/2025 11:09:41,4,2,5,3,4,2,4,2,4,1
41,4/18/2025 11:25:32,3,2,4,4,5,2,5,2,4,4
42,4/25/2025 9:24:15,5,1,5,1,3,2,5,1,4,1
43,4/25/2025 9:54:34,2,1,4,2,4,2,4,2,3,2
44,4/25/2025 10:15:58,3,3,3,3,3,3,5,3,2,3
45,4/25/2025 10:55:53,5,1,5,3,5,1,5,1,5,1
46,4/25/2025 11:19:43,3,2,4,4,3,4,3,3,3,4
47,4/25/2025 11:32:06,5,1,5,1,4,3,5,1,3,1